date,periodName,geo,شهادة,استشهاد,شهيد,جهاد,كافر,كفار,سورة الفاتحة,الأقصى,سورة الانفال,في سبيل الله,وضوء,عملية,صلاة,مكة,ركعة,صوم
21/05/2012 00:00,טרור עממי,IL,67,100,79,51,0,70,0,0,0,0,0,27,46,0,0,0
22/05/2012 00:00,טרור עממי,IL,0,0,0,0,0,70,0,0,0,0,0,14,15,21,98,0
23/05/2012 00:00,טרור עממי,IL,0,0,0,0,0,0,0,0,0,0,0,14,16,0,100,83
24/05/2012 00:00,טרור עממי,IL,0,0,84,0,0,0,0,0,0,0,0,44,33,0,0,0
25/05/2012 00:00,טרור עממי,IL,0,0,100,0,0,0,0,89,0,0,0,0,58,26,0,0
26/05/2012 00:00,טרור עממי,IL,0,0,0,0,0,100,0,100,0,100,0,58,65,29,0,0
27/05/2012 00:00,טרור עממי,IL,41,0,0,0,0,0,0,0,0,0,0,51,38,25,0,0
28/05/2012 00:00,טרור עממי,IL,0,0,0,0,0,0,0,0,0,0,0,65,29,20,0,0
29/05/2012 00:00,טרור עממי,IL,0,0,0,0,0,0,0,0,0,0,0,54,45,20,0,0
30/05/2012 00:00,טרור עממי,IL,0,0,79,50,0,0,0,0,0,0,0,41,31,21,0,0
31/05/2012 00:00,טרור עממי,IL,0,0,0,0,0,0,0,0,0,71,0,98,47,21,100,0
01/06/2012 00:00,טרור עממי,IL,0,0,0,0,0,0,0,0,0,86,0,100,19,0,0,100
02/06/2012 00:00,טרור עממי,IL,0,0,98,0,0,87,0,0,0,0,0,17,57,77,0,0
03/06/2012 00:00,טרור עממי,IL,32,0,77,49,0,0,0,0,0,0,0,27,15,0,0,0
04/06/2012 00:00,טרור עממי,IL,33,0,0,0,0,68,0,0,0,0,0,80,75,40,0,0
05/06/2012 00:00,טרור עממי,IL,100,0,0,0,0,70,100,0,0,0,0,55,31,21,0,0
06/06/2012 00:00,טרור עממי,IL,0,0,80,0,0,0,0,0,0,71,0,69,31,21,0,0
07/06/2012 00:00,טרור עממי,IL,0,51,81,0,0,0,0,0,0,72,0,56,63,63,0,0
08/06/2012 00:00,טרור עממי,IL,40,60,0,0,0,0,0,0,0,0,0,50,74,100,0,0
09/06/2012 00:00,טרור עממי,IL,83,0,0,63,0,88,0,0,0,0,0,68,19,51,0,0
10/06/2012 00:00,טרור עממי,IL,0,0,74,0,0,66,0,0,0,0,0,26,100,58,0,0
11/06/2012 00:00,טרור עממי,IL,0,49,78,99,0,0,0,0,0,0,0,27,30,61,0,0
12/06/2012 00:00,טרור עממי,IL,0,0,0,0,0,0,0,0,0,0,0,27,31,0,0,0
13/06/2012 00:00,טרור עממי,IL,0,0,0,51,0,0,0,0,0,0,0,28,47,0,0,0
14/06/2012 00:00,טרור עממי,IL,34,0,81,52,0,0,0,0,0,0,0,28,31,21,0,0
15/06/2012 00:00,טרור עממי,IL,0,0,0,61,0,0,0,0,0,0,0,0,37,0,0,0
16/06/2012 00:00,טרור עממי,IL,42,0,0,0,0,0,0,0,0,0,100,52,58,0,0,0
17/06/2012 00:00,טרור עממי,IL,32,0,0,48,0,66,0,0,0,0,0,26,14,39,0,0
18/06/2012 00:00,טרור עממי,IL,98,0,77,0,0,0,0,0,0,0,0,27,15,0,0,0
19/06/2012 00:00,טרור עממי,IL,66,0,0,100,0,0,0,0,0,0,0,41,15,0,0,0
20/06/2012 00:00,טרור עממי,IL,34,0,0,0,0,71,0,0,0,71,0,28,46,42,0,0
21/06/2012 00:00,טרור עממי,IL,34,0,82,52,0,0,0,72,0,0,82,71,32,0,0,0
01/01/2014 00:00,לאחר טרור עממי,IL,0,100,0,21,0,0,0,100,0,0,0,44,54,0,84,0
02/01/2014 00:00,לאחר טרור עממי,IL,0,0,0,64,0,52,36,50,0,43,0,44,39,28,0,0
03/01/2014 00:00,לאחר טרור עממי,IL,0,0,100,53,0,0,0,0,0,0,0,55,58,0,0,0
04/01/2014 00:00,לאחר טרור עממי,IL,0,0,0,49,0,0,0,58,100,100,0,0,63,32,0,0
05/01/2014 00:00,לאחר טרור עממי,IL,0,0,0,0,0,0,33,0,79,0,0,27,43,25,0,0
06/01/2014 00:00,לאחר טרור עממי,IL,27,0,0,0,0,0,0,96,0,0,40,43,53,27,0,0
07/01/2014 00:00,לאחר טרור עממי,IL,0,0,0,42,0,0,35,0,84,0,0,29,38,0,0,0
08/01/2014 00:00,לאחר טרור עממי,IL,0,0,0,21,0,0,0,0,0,0,0,15,23,28,0,0
09/01/2014 00:00,לאחר טרור עממי,IL,0,0,0,21,0,0,0,0,0,0,0,29,69,0,0,52
10/01/2014 00:00,לאחר טרור עממי,IL,0,0,65,52,0,0,0,0,0,0,0,36,57,0,0,0
11/01/2014 00:00,לאחר טרור עממי,IL,0,0,30,96,0,0,0,0,0,0,0,100,62,31,47,0
12/01/2014 00:00,לאחר טרור עממי,IL,0,0,73,19,0,0,0,0,0,0,0,40,43,50,0,0
13/01/2014 00:00,לאחר טרור עממי,IL,81,96,26,0,0,0,0,0,0,0,0,42,67,53,0,100
14/01/2014 00:00,לאחר טרור עממי,IL,27,0,0,60,0,0,0,0,0,0,0,28,59,26,0,0
15/01/2014 00:00,לאחר טרור עממי,IL,0,0,26,0,0,0,0,0,0,0,0,72,53,27,41,0
16/01/2014 00:00,לאחר טרור עממי,IL,0,0,0,21,0,0,0,50,0,0,0,29,39,0,41,0
17/01/2014 00:00,לאחר טרור עממי,IL,34,0,0,26,0,63,0,60,0,0,100,36,85,33,51,0
18/01/2014 00:00,לאחר טרור עממי,IL,100,0,31,100,0,0,43,0,0,51,49,17,73,32,0,0
19/01/2014 00:00,לאחר טרור עממי,IL,0,0,25,40,100,0,0,46,0,40,0,82,22,0,0,0
20/01/2014 00:00,לאחר טרור עממי,IL,27,96,0,0,0,0,0,0,0,0,0,42,45,26,0,0
21/01/2014 00:00,לאחר טרור עממי,IL,0,0,0,21,0,0,0,0,0,0,0,29,23,27,41,0
22/01/2014 00:00,לאחר טרור עממי,IL,27,0,0,61,0,100,0,48,0,0,40,14,60,79,0,0
23/01/2014 00:00,לאחר טרור עממי,IL,0,0,0,21,0,0,0,0,0,42,0,15,54,27,0,0
24/01/2014 00:00,לאחר טרור עממי,IL,0,0,0,25,0,0,0,0,0,0,0,88,84,33,100,0
25/01/2014 00:00,לאחר טרור עממי,IL,0,0,31,24,0,0,0,0,0,0,0,34,53,63,48,0
26/01/2014 00:00,לאחר טרור עממי,IL,26,0,0,0,0,48,0,0,0,39,38,68,100,0,38,0
27/01/2014 00:00,לאחר טרור עממי,IL,27,94,25,20,0,0,68,47,0,0,0,42,66,52,0,0
28/01/2014 00:00,לאחר טרור עממי,IL,0,0,25,39,0,0,100,0,0,0,0,68,22,0,0,0
29/01/2014 00:00,לאחר טרור עממי,IL,28,98,0,42,0,0,0,0,0,42,0,0,46,0,41,0
30/01/2014 00:00,לאחר טרור עממי,IL,0,0,0,0,0,0,0,0,0,43,0,44,46,82,0,0
31/01/2014 00:00,לאחר טרור עממי,IL,0,0,65,51,0,0,0,0,0,0,0,71,85,100,0,0
01/02/2014 00:00,לאחר טרור עממי,IL,0,0,0,0,0,60,0,0,0,0,0,17,62,32,48,60
14/08/2015 00:00,גל טרור הבודדים,IL,0,35,39,0,0,51,0,13,60,0,100,34,62,6,0,0
15/08/2015 00:00,גל טרור הבודדים,IL,0,17,38,40,0,100,0,12,0,50,49,59,49,0,0,0
16/08/2015 00:00,גל טרור הבודדים,IL,23,0,45,16,74,0,23,19,0,39,39,39,35,5,0,0
17/08/2015 00:00,גל טרור הבודדים,IL,0,0,30,47,0,39,23,29,47,39,0,46,36,5,32,0
18/08/2015 00:00,גל טרור הבודדים,IL,24,0,46,16,0,40,48,30,0,40,0,88,36,5,33,0
19/08/2015 00:00,גל טרור הבודדים,IL,0,14,47,81,0,41,0,41,0,0,0,34,34,10,0,0
20/08/2015 00:00,גל טרור הבודדים,IL,25,0,32,17,80,42,0,21,0,42,42,21,31,5,0,25
21/08/2015 00:00,גל טרור הבודדים,IL,60,52,38,80,95,0,0,50,0,50,0,59,50,6,0,0
22/08/2015 00:00,גל טרור הבודדים,IL,30,35,58,20,0,0,0,25,0,51,0,76,50,6,0,30
23/08/2015 00:00,גל טרור הבודדים,IL,0,27,30,31,0,0,0,29,0,0,0,59,58,0,32,0
24/08/2015 00:00,גל טרור הבודדים,IL,0,14,31,32,0,0,0,40,0,0,40,54,50,14,0,0
25/08/2015 00:00,גל טרור הבודדים,IL,0,14,0,64,0,0,48,60,0,40,0,47,53,5,0,23
26/08/2015 00:00,גל טרור הבודדים,IL,25,29,16,0,0,0,0,21,0,0,0,49,48,20,34,0
27/08/2015 00:00,גל טרור הבודדים,IL,25,14,48,33,0,42,0,10,0,42,41,98,21,15,0,0
28/08/2015 00:00,גל טרור הבודדים,IL,29,0,57,80,0,0,0,25,0,100,0,100,78,6,0,29
29/08/2015 00:00,גל טרור הבודדים,IL,30,35,38,100,0,50,0,100,0,50,0,84,45,18,0,0
30/08/2015 00:00,גל טרור הבודדים,IL,0,41,15,64,0,0,0,0,0,0,39,60,36,14,33,0
31/08/2015 00:00,גל טרור הבודדים,IL,47,0,46,64,0,40,48,10,0,40,0,54,36,0,0,0
01/09/2015 00:00,גל טרור הבודדים,IL,100,15,48,84,0,42,50,21,0,85,0,64,31,5,0,0
02/09/2015 00:00,גל טרור הבודדים,IL,50,14,32,17,0,0,100,21,100,0,0,63,48,10,35,0
03/09/2015 00:00,גל טרור הבודדים,IL,52,0,100,35,0,0,0,11,0,44,0,44,36,0,0,0
04/09/2015 00:00,גל טרור הבודדים,IL,0,17,19,80,0,50,60,63,60,0,0,75,45,12,41,29
05/09/2015 00:00,גל טרור הבודדים,IL,29,51,0,78,93,49,29,98,58,0,0,74,44,17,40,0
06/09/2015 00:00,גל טרור הבודדים,IL,0,70,16,0,0,41,72,30,48,0,0,61,27,19,100,0
07/09/2015 00:00,גל טרור הבודדים,IL,0,100,48,17,0,41,0,21,0,42,0,49,44,0,0,24
08/09/2015 00:00,גל טרור הבודדים,IL,48,0,0,32,0,0,24,20,48,40,0,61,46,5,0,0
09/09/2015 00:00,גל טרור הבודדים,IL,25,29,48,33,0,0,25,31,49,0,0,56,31,15,34,0
10/09/2015 00:00,גל טרור הבודדים,IL,0,15,49,51,0,42,0,32,0,0,0,35,14,5,0,25
11/09/2015 00:00,גל טרור הבודדים,IL,0,0,38,0,95,0,30,75,60,50,50,84,66,100,41,0
12/09/2015 00:00,גל טרור הבודדים,IL,29,0,56,59,0,49,29,12,0,0,49,82,53,98,40,29
13/09/2015 00:00,גל טרור הבודדים,IL,0,0,20,21,100,53,63,79,0,53,0,44,100,74,43,31
14/09/2015 00:00,גל טרור הבודדים,IL,0,20,22,68,0,0,0,85,0,0,56,19,85,47,0,100
01/11/2016 00:00,לאחר גל טרור הבודדים,IL,0,0,16,47,0,39,96,14,0,0,33,88,50,61,0,0
02/11/2016 00:00,לאחר גל טרור הבודדים,IL,28,12,67,33,0,0,67,100,0,42,0,61,36,85,0,0
03/11/2016 00:00,לאחר גל טרור הבודדים,IL,28,0,68,33,0,0,0,29,0,0,0,39,40,0,0,0
04/11/2016 00:00,לאחר גל טרור הבודדים,IL,0,14,20,60,0,0,0,35,0,51,0,65,82,77,63,0
05/11/2016 00:00,לאחר גל טרור הבודדים,IL,0,14,20,58,0,49,40,34,100,0,0,73,42,51,0,0
06/11/2016 00:00,לאחר גל טרור הבודדים,IL,0,12,33,48,0,79,32,14,0,41,0,52,62,21,0,0
07/11/2016 00:00,לאחר גל טרור הבודדים,IL,55,12,16,48,0,40,33,14,0,0,0,60,51,21,0,0
08/11/2016 00:00,לאחר גל טרור הבודדים,IL,27,23,50,48,0,0,0,42,0,41,0,60,43,21,0,0
09/11/2016 00:00,לאחר גל טרור הבודדים,IL,26,100,47,15,0,0,0,27,0,0,32,78,33,0,0,0
10/11/2016 00:00,לאחר גל טרור הבודדים,IL,0,83,0,49,0,0,100,14,0,0,34,38,51,0,0,0
11/11/2016 00:00,לאחר גל טרור הבודדים,IL,0,99,100,58,0,0,0,0,0,100,0,100,38,0,0,0
12/11/2016 00:00,לאחר גל טרור הבודדים,IL,65,28,78,76,0,0,39,33,98,0,0,44,32,50,0,0
13/11/2016 00:00,לאחר גל טרור הבודדים,IL,0,34,0,31,0,0,32,0,79,40,0,58,15,20,0,0
14/11/2016 00:00,לאחר גל טרור הבודדים,IL,27,45,0,0,0,0,32,14,80,40,33,51,45,61,50,0
15/11/2016 00:00,לאחר גל טרור הבודדים,IL,27,12,33,16,0,0,0,0,0,41,0,30,61,62,0,0
16/11/2016 00:00,לאחר גל טרור הבודדים,IL,0,35,33,0,0,40,32,69,0,41,0,44,62,21,0,0
17/11/2016 00:00,לאחר גל טרור הבודדים,IL,0,24,34,66,0,0,0,0,0,84,0,8,48,43,0,100
18/11/2016 00:00,לאחר גל טרור הבודדים,IL,34,29,21,100,100,100,0,17,0,0,0,47,78,0,64,0
19/11/2016 00:00,לאחר גל טרור הבודדים,IL,32,41,19,75,0,0,0,0,96,48,78,61,68,49,0,0
20/11/2016 00:00,לאחר גל טרור הבודדים,IL,52,11,32,62,0,0,31,27,0,0,0,43,34,60,0,0
21/11/2016 00:00,לאחר גל טרור הבודדים,IL,27,0,0,16,0,0,0,14,0,81,66,52,58,0,0,0
22/11/2016 00:00,לאחר גל טרור הבודדים,IL,0,12,49,48,0,0,33,14,0,0,100,60,50,62,0,97
23/11/2016 00:00,לאחר גל טרור הבודדים,IL,27,12,17,32,0,0,0,85,0,0,0,61,35,63,0,0
24/11/2016 00:00,לאחר גל טרור הבודדים,IL,27,0,33,16,0,79,32,41,0,81,0,44,50,0,51,0
25/11/2016 00:00,לאחר גל טרור הבודדים,IL,0,0,20,59,0,49,0,17,0,0,41,55,100,26,63,0
26/11/2016 00:00,לאחר גל טרור הבודדים,IL,100,0,0,20,0,0,0,34,0,0,0,55,48,26,0,0
27/11/2016 00:00,לאחר גל טרור הבודדים,IL,81,12,0,32,0,40,0,42,0,0,33,52,50,0,51,0
28/11/2016 00:00,לאחר גל טרור הבודדים,IL,53,0,32,16,0,78,0,14,80,40,33,22,61,20,100,0
29/11/2016 00:00,לאחר גל טרור הבודדים,IL,0,12,0,16,0,0,33,42,0,41,67,60,62,62,51,0
30/11/2016 00:00,לאחר גל טרור הבודדים,IL,0,11,16,46,0,38,63,13,0,40,0,72,37,100,49,0
01/12/2016 00:00,לאחר גל טרור הבודדים,IL,78,11,31,61,0,0,31,0,0,39,0,36,41,20,0,0
23/03/2021 00:00,מבצע שומר החומות,IL,49,83,39,21,42,37,36,28,0,36,0,38,17,62,8,0
24/03/2021 00:00,מבצע שומר החומות,IL,74,0,35,19,0,100,33,52,0,0,18,39,14,42,0,38
25/03/2021 00:00,מבצע שומר החומות,IL,49,0,39,42,0,0,0,47,0,0,0,39,14,62,8,0
26/03/2021 00:00,מבצע שומר החומות,IL,19,98,46,25,98,43,0,34,0,0,69,23,46,0,0,25
27/03/2021 00:00,מבצע שומר החומות,IL,52,0,62,100,0,0,0,30,0,57,31,100,39,49,13,0
28/03/2021 00:00,מבצע שומר החומות,IL,21,0,100,0,0,0,46,24,0,0,25,50,26,80,11,0
29/03/2021 00:00,מבצע שומר החומות,IL,32,82,0,21,0,37,0,28,0,0,0,43,23,31,8,0
30/03/2021 00:00,מבצע שומר החומות,IL,100,0,0,21,0,0,37,29,0,36,20,49,18,16,13,21
31/03/2021 00:00,מבצע שומר החומות,IL,66,0,0,21,0,38,0,39,0,0,0,69,19,16,0,21
01/04/2021 00:00,מבצע שומר החומות,IL,34,0,0,22,0,0,75,29,0,0,0,50,17,0,4,43
02/04/2021 00:00,מבצע שומר החומות,IL,38,0,0,72,0,42,42,33,0,0,0,50,22,0,0,0
03/04/2021 00:00,מבצע שומר החומות,IL,20,0,48,0,0,45,0,59,0,0,24,77,29,38,10,26
04/04/2021 00:00,מבצע שומר החומות,IL,47,0,38,20,40,36,35,64,0,0,19,37,17,45,0,0
05/04/2021 00:00,מבצע שומר החומות,IL,48,0,38,0,0,73,36,37,43,71,58,38,19,0,8,0
06/04/2021 00:00,מבצע שומר החומות,IL,46,78,37,59,0,0,68,45,0,0,18,45,15,15,4,0
07/04/2021 00:00,מבצע שומר החומות,IL,46,77,36,78,0,34,0,35,0,100,18,27,12,43,4,19
08/04/2021 00:00,מבצע שומר החומות,IL,62,79,74,0,0,0,34,36,0,0,0,32,17,15,0,0
09/04/2021 00:00,מבצע שומר החומות,IL,36,0,43,23,0,0,0,42,0,0,21,63,26,51,5,0
10/04/2021 00:00,מבצע שומר החומות,IL,36,0,0,0,0,41,0,21,48,0,43,32,15,0,0,23
11/04/2021 00:00,מבצע שומר החומות,IL,15,0,0,20,0,0,34,36,0,0,0,27,14,29,0,20
12/04/2021 00:00,מבצע שומר החומות,IL,63,0,37,0,0,35,0,27,0,0,56,32,51,15,20,60
13/04/2021 00:00,מבצע שומר החומות,IL,79,0,0,0,40,36,35,37,0,35,57,37,100,45,100,40
14/04/2021 00:00,מבצע שומר החומות,IL,0,0,40,43,0,0,37,19,0,37,100,45,52,48,47,21
15/04/2021 00:00,מבצע שומר החומות,IL,20,100,0,76,0,0,0,23,0,86,47,23,61,19,30,75
16/04/2021 00:00,מבצע שומר החומות,IL,19,0,0,73,97,0,0,66,100,0,23,56,53,72,19,0
17/04/2021 00:00,מבצע שומר החומות,IL,78,100,93,0,100,44,43,57,52,0,47,12,39,56,10,100
18/04/2021 00:00,מבצע שומר החומות,IL,30,0,36,0,0,0,33,26,0,0,54,22,36,86,27,0
19/04/2021 00:00,מבצע שומר החומות,IL,60,77,0,0,39,0,100,9,0,33,36,31,25,100,11,58
20/04/2021 00:00,מבצע שומר החומות,IL,77,78,73,0,0,35,0,36,41,0,18,55,22,44,12,0
21/04/2021 00:00,מבצע שומר החומות,IL,63,80,37,0,0,0,0,18,0,0,38,47,26,0,4,20
22/04/2021 00:00,מבצע שומר החומות,IL,16,0,38,21,41,0,0,19,0,71,58,53,27,15,12,21
23/04/2021 00:00,מבצע שומר החומות,IL,0,0,45,49,0,86,0,100,51,84,23,51,33,90,29,0
01/06/2021 00:00,לאחר מבצע שומר החומות,IL,16,39,20,26,0,97,0,42,77,0,0,100,35,74,33,0
02/06/2021 00:00,לאחר מבצע שומר החומות,IL,31,0,100,25,0,0,24,21,76,38,97,59,38,48,0,0
03/06/2021 00:00,לאחר מבצע שומר החומות,IL,16,0,42,27,0,100,0,44,0,40,0,55,54,0,0,0
04/06/2021 00:00,לאחר מבצע שומר החומות,IL,0,48,26,0,0,0,31,40,0,0,62,67,55,62,0,0
05/06/2021 00:00,לאחר מבצע שומר החומות,IL,0,100,79,67,0,0,0,55,0,0,0,60,54,96,0,0
06/06/2021 00:00,לאחר מבצע שומר החומות,IL,31,38,61,52,0,32,49,73,0,0,49,53,28,24,32,100
07/06/2021 00:00,לאחר מבצע שומר החומות,IL,16,38,20,77,0,32,24,21,0,0,0,73,42,24,32,0
08/06/2021 00:00,לאחר מבצע שומר החומות,IL,32,0,0,79,0,97,0,53,0,0,0,87,39,25,0,51
09/06/2021 00:00,לאחר מבצע שומר החומות,IL,64,78,0,0,0,0,75,53,0,0,0,40,44,100,33,0
10/06/2021 00:00,לאחר מבצע שומר החומות,IL,67,41,0,27,0,0,0,100,81,41,0,77,51,26,0,0
11/06/2021 00:00,לאחר מבצע שומר החומות,IL,38,0,50,32,0,0,30,38,0,47,0,57,63,30,0,61
12/06/2021 00:00,לאחר מבצע שומר החומות,IL,40,0,26,100,0,0,0,14,0,0,0,51,56,32,0,0
13/06/2021 00:00,לאחר מבצע שומר החומות,IL,44,0,38,0,90,0,0,59,72,0,47,44,25,23,31,0
14/06/2021 00:00,לאחר מבצע שומר החומות,IL,16,0,82,0,0,32,0,32,0,0,0,33,40,25,65,0
15/06/2021 00:00,לאחר מבצע שומר החומות,IL,32,39,0,53,97,32,25,64,0,0,50,20,29,25,0,0
16/06/2021 00:00,לאחר מבצע שומר החומות,IL,80,0,42,0,0,0,0,21,0,0,0,41,43,25,0,0
17/06/2021 00:00,לאחר מבצע שומר החומות,IL,49,40,0,27,100,33,0,44,0,80,0,48,26,26,0,0
18/06/2021 00:00,לאחר מבצע שומר החומות,IL,59,96,25,65,0,0,0,52,0,0,62,25,71,0,0,0
19/06/2021 00:00,לאחר מבצע שומר החומות,IL,61,0,79,67,0,42,63,0,100,50,64,60,37,0,84,0
20/06/2021 00:00,לאחר מבצע שומר החומות,IL,48,0,63,0,0,0,0,32,0,40,0,27,46,0,33,0
21/06/2021 00:00,לאחר מבצע שומר החומות,IL,0,39,82,26,97,0,25,42,0,0,100,47,52,0,0,0
22/06/2021 00:00,לאחר מבצע שומר החומות,IL,16,0,83,53,98,0,50,54,0,0,0,68,50,76,100,0
23/06/2021 00:00,לאחר מבצע שומר החומות,IL,32,0,0,53,0,66,25,32,0,79,0,47,46,0,0,0
24/06/2021 00:00,לאחר מבצע שומר החומות,IL,34,0,22,55,0,0,0,34,0,0,0,57,52,26,70,0
25/06/2021 00:00,לאחר מבצע שומר החומות,IL,20,0,79,34,0,0,63,27,0,100,64,52,100,32,0,0
26/06/2021 00:00,לאחר מבצע שומר החומות,IL,41,0,0,0,0,83,32,55,0,50,0,69,65,0,42,0
27/06/2021 00:00,לאחר מבצע שומר החומות,IL,47,76,40,0,0,32,24,42,0,0,0,33,40,24,64,50
28/06/2021 00:00,לאחר מבצע שומר החומות,IL,63,0,0,52,0,97,25,11,0,0,0,67,51,25,33,0
29/06/2021 00:00,לאחר מבצע שומר החומות,IL,63,39,0,0,0,0,49,42,0,0,0,40,49,74,33,0
30/06/2021 00:00,לאחר מבצע שומר החומות,IL,100,0,0,27,0,34,26,22,0,0,0,56,34,78,35,0
01/07/2021 00:00,לאחר מבצע שומר החומות,IL,16,39,0,27,0,66,100,43,0,79,0,27,46,50,67,0
07/12/2021 00:00,מהומות בנגב על רקע נטיעות קקל,IL,13,0,33,20,0,51,0,10,0,0,48,55,52,75,81,0
08/12/2021 00:00,מהומות בנגב על רקע נטיעות קקל,IL,39,0,0,0,75,0,0,49,0,0,48,69,37,19,0,0
09/12/2021 00:00,מהומות בנגב על רקע נטיעות קקל,IL,0,0,35,22,0,0,0,73,0,0,51,37,54,20,0,0
10/12/2021 00:00,מהומות בנגב על רקע נטיעות קקל,IL,52,54,44,27,99,0,54,77,0,0,63,73,100,50,54,0
11/12/2021 00:00,מהומות בנגב על רקע נטיעות קקל,IL,33,52,42,52,0,64,0,62,0,0,0,44,35,48,0,0
12/12/2021 00:00,מהומות בנגב על רקע נטיעות קקל,IL,79,0,100,20,0,0,0,10,0,0,0,42,42,0,41,0
13/12/2021 00:00,מהומות בנגב על רקע נטיעות קקל,IL,66,41,0,21,0,0,0,69,82,27,97,63,51,38,21,0
14/12/2021 00:00,מהומות בנגב על רקע נטיעות קקל,IL,13,40,0,20,0,0,0,48,0,27,48,90,34,19,0,0
15/12/2021 00:00,מהומות בנגב על רקע נטיעות קקל,IL,54,42,0,21,0,0,0,100,0,0,49,100,40,0,21,0
16/12/2021 00:00,מהומות בנגב על רקע נטיעות קקל,IL,68,42,34,0,0,0,42,30,0,0,0,65,53,19,21,0
17/12/2021 00:00,מהומות בנגב על רקע נטיעות קקל,IL,33,0,41,25,0,0,0,61,0,0,60,43,89,23,0,100
18/12/2021 00:00,מהומות בנגב על רקע נטיעות קקל,IL,48,100,0,100,0,62,100,72,100,100,59,77,61,0,100,0
19/12/2021 00:00,מהומות בנגב על רקע נטיעות קקל,IL,27,0,0,42,0,0,83,60,0,28,0,14,44,19,42,0
20/12/2021 00:00,מהומות בנגב על רקע נטיעות קקל,IL,65,0,66,0,0,0,81,29,0,27,47,62,40,0,0,0
21/12/2021 00:00,מהומות בנגב על רקע נטיעות קקל,IL,79,41,100,41,75,51,82,39,0,0,96,49,42,56,20,0
22/12/2021 00:00,מהומות בנגב על רקע נטיעות קקל,IL,78,0,0,20,0,100,0,86,0,0,0,55,49,19,60,79
23/12/2021 00:00,מהומות בנגב על רקע נטיעות קקל,IL,41,43,35,21,0,53,42,51,0,0,100,58,39,0,0,0
24/12/2021 00:00,מהומות בנגב על רקע נטיעות קקל,IL,35,0,44,81,100,68,0,78,0,0,0,83,74,100,54,0
25/12/2021 00:00,מהומות בנגב על רקע נטיעות קקל,IL,52,0,88,0,0,0,0,52,0,0,63,55,68,0,54,0
26/12/2021 00:00,מהומות בנגב על רקע נטיעות קקל,IL,56,0,0,22,0,54,87,83,0,0,51,22,66,80,22,0
27/12/2021 00:00,מהומות בנגב על רקע נטיעות קקל,IL,68,0,35,43,0,0,43,61,0,0,50,73,60,78,21,0
28/12/2021 00:00,מהומות בנגב על רקע נטיעות קקל,IL,41,42,34,63,77,0,0,60,0,28,99,43,51,39,21,0
29/12/2021 00:00,מהומות בנגב על רקע נטיעות קקל,IL,69,0,35,64,79,0,86,41,0,0,0,73,34,59,0,84
30/12/2021 00:00,מהומות בנגב על רקע נטיעות קקל,IL,42,88,72,0,0,55,44,63,88,0,0,22,45,0,0,0
31/12/2021 00:00,מהומות בנגב על רקע נטיעות קקל,IL,34,0,0,26,0,0,0,63,0,0,62,18,86,48,0,0
01/01/2022 00:00,מהומות בנגב על רקע נטיעות קקל,IL,48,0,41,25,0,63,0,73,0,34,0,43,63,0,51,0
02/01/2022 00:00,מהומות בנגב על רקע נטיעות קקל,IL,49,0,0,38,0,0,0,46,0,26,45,33,34,18,0,0
03/01/2022 00:00,מהומות בנגב על רקע נטיעות קקל,IL,100,0,32,20,0,0,0,47,0,0,0,47,62,36,39,0
04/01/2022 00:00,מהומות בנגב על רקע נטיעות קקל,IL,15,45,0,45,0,57,0,65,0,30,0,54,64,21,68,0
05/01/2022 00:00,מהומות בנגב על רקע נטיעות קקל,IL,43,90,74,23,0,0,90,11,0,30,0,54,46,62,45,0
06/01/2022 00:00,מהומות בנגב על רקע נטיעות קקל,IL,74,93,38,47,0,58,0,45,0,0,0,48,48,21,23,0
07/01/2022 00:00,מהומות בנגב על רקע נטיעות קקל,IL,79,0,40,25,0,0,0,59,0,33,0,25,93,68,25,0
01/02/2022 00:00,לאחר מהומות בנגב על רקע נטיעות קקל,IL,19,0,0,63,40,100,28,44,84,40,0,80,51,16,15,0
02/02/2022 00:00,לאחר מהומות בנגב על רקע נטיעות קקל,IL,56,0,39,31,0,0,28,62,0,40,0,40,43,32,14,0
03/02/2022 00:00,לאחר מהומות בנגב על רקע נטיעות קקל,IL,75,0,0,63,40,0,28,43,0,40,0,40,38,0,0,42
04/02/2022 00:00,לאחר מהומות בנגב על רקע נטיעות קקל,IL,93,0,0,39,100,42,0,23,0,0,100,100,73,100,36,0
05/02/2022 00:00,לאחר מהומות בנגב על רקע נטיעות קקל,IL,45,0,0,37,0,0,100,37,100,0,32,61,48,57,17,0
06/02/2022 00:00,לאחר מהומות בנגב על רקע נטיעות קקל,IL,36,0,19,0,38,0,27,54,0,0,0,27,36,0,14,0
07/02/2022 00:00,לאחר מהומות בנגב על רקע נטיעות קקל,IL,18,0,19,61,0,0,55,18,0,0,26,50,40,47,42,0
08/02/2022 00:00,לאחר מהומות בנגב על רקע נטיעות קקל,IL,32,54,34,0,0,57,72,80,0,0,0,44,40,0,37,0
09/02/2022 00:00,לאחר מהומות בנגב על רקע נטיעות קקל,IL,75,0,99,32,40,33,0,100,0,0,81,35,56,0,29,42
10/02/2022 00:00,לאחר מהומות בנגב על רקע נטיעות קקל,IL,0,0,0,36,0,39,33,50,0,0,0,40,42,0,0,48
11/02/2022 00:00,לאחר מהומות בנגב על רקע נטיעות קקל,IL,0,0,100,40,0,0,35,71,0,51,68,22,100,41,18,0
12/02/2022 00:00,לאחר מהומות בנגב על רקע נטיעות קקל,IL,47,0,25,39,0,0,70,31,0,100,0,28,50,40,54,52
13/02/2022 00:00,לאחר מהומות בנגב על רקע נטיעות קקל,IL,45,51,32,25,32,54,23,60,68,33,43,14,39,52,23,34
14/02/2022 00:00,לאחר מהומות בנגב על רקע נטיעות קקל,IL,59,0,16,0,0,0,89,79,0,0,42,54,33,0,11,0
15/02/2022 00:00,לאחר מהומות בנגב על רקע נטיעות קקל,IL,30,0,31,0,0,79,0,39,0,63,0,32,46,0,34,33
16/02/2022 00:00,לאחר מהומות בנגב על רקע נטיעות קקל,IL,30,50,16,25,0,27,45,20,0,32,0,27,49,26,12,33
17/02/2022 00:00,לאחר מהומות בנגב על רקע נטיעות קקל,IL,30,50,0,25,0,27,22,45,0,0,0,50,51,51,12,0
18/02/2022 00:00,לאחר מהומות בנגב על רקע נטיעות קקל,IL,92,62,58,93,0,0,83,18,83,0,26,51,82,47,100,0
19/02/2022 00:00,לאחר מהומות בנגב על רקע נטיעות קקל,IL,83,56,17,56,0,0,50,50,0,36,24,76,57,57,0,0
20/02/2022 00:00,לאחר מהומות בנגב על רקע נטיעות קקל,IL,28,0,15,47,30,25,0,61,0,0,0,21,45,24,33,63
21/02/2022 00:00,לאחר מהומות בנגב על רקע נטיעות קקל,IL,73,0,31,0,31,52,22,48,0,0,0,36,61,75,0,65
22/02/2022 00:00,לאחר מהומות בנגב על רקע נטיעות קקל,IL,44,0,62,50,0,0,22,54,0,0,42,32,42,89,11,0
23/02/2022 00:00,לאחר מהומות בנגב על רקע נטיעות קקל,IL,45,100,79,100,32,27,22,40,67,64,64,46,43,26,0,33
24/02/2022 00:00,לאחר מהומות בנגב על רקע נטיעות קקל,IL,28,48,15,0,61,0,21,52,64,0,20,48,51,0,33,0
25/02/2022 00:00,לאחר מהומות בנגב על רקע נטיעות קקל,IL,84,0,36,0,0,0,76,45,0,0,72,31,82,14,26,37
26/02/2022 00:00,לאחר מהומות בנגב על רקע נטיעות קקל,IL,15,50,47,0,0,27,90,55,0,0,0,55,57,13,23,100
27/02/2022 00:00,לאחר מהומות בנגב על רקע נטיעות קקל,IL,100,48,45,48,0,0,0,43,0,92,41,48,42,37,22,32
28/02/2022 00:00,לאחר מהומות בנגב על רקע נטיעות קקל,IL,29,48,30,24,31,51,43,62,0,31,0,39,43,24,22,32
28/02/2022 00:00,אירועי רמצאן 22,IL,27,19,38,16,43,63,41,93,0,19,0,29,32,30,38,33
01/03/2022 00:00,לאחר מהומות בנגב על רקע נטיעות קקל,IL,87,0,31,24,0,0,87,48,0,0,41,40,49,25,0,97
01/03/2022 00:00,אירועי רמצאן 22,IL,82,0,38,16,0,0,84,72,0,0,49,29,36,31,0,100
02/03/2022 00:00,אירועי רמצאן 22,IL,41,20,38,16,0,64,63,22,0,57,0,39,27,47,58,67
03/03/2022 00:00,אירועי רמצאן 22,IL,28,0,39,0,0,97,21,7,81,38,25,36,32,94,0,0
04/03/2022 00:00,אירועי רמצאן 22,IL,51,24,0,80,54,80,0,27,100,70,0,36,60,77,24,41
05/03/2022 00:00,אירועי רמצאן 22,IL,50,72,47,39,53,39,0,70,0,0,0,55,35,38,47,0
06/03/2022 00:00,אירועי רמצאן 22,IL,53,19,0,31,0,0,41,56,0,37,24,53,31,30,0,0
07/03/2022 00:00,אירועי רמצאן 22,IL,41,20,19,16,0,0,21,36,0,0,50,52,27,16,19,33
08/03/2022 00:00,אירועי רמצאן 22,IL,14,0,59,0,44,66,21,44,0,77,25,46,27,95,39,0
09/03/2022 00:00,אירועי רמצאן 22,IL,27,0,38,16,87,32,21,58,0,38,25,23,33,16,39,0
10/03/2022 00:00,אירועי רמצאן 22,IL,28,20,39,33,0,33,65,22,0,0,25,17,29,16,20,68
11/03/2022 00:00,אירועי רמצאן 22,IL,33,24,46,59,52,78,25,44,0,0,60,27,70,19,93,0
12/03/2022 00:00,אירועי רמצאן 22,IL,63,0,0,19,100,0,24,100,93,0,0,34,44,18,44,77
13/03/2022 00:00,אירועי רמצאן 22,IL,40,38,0,47,0,31,0,35,78,0,96,38,37,75,75,32
14/03/2022 00:00,אירועי רמצאן 22,IL,55,20,19,16,0,32,21,37,81,38,100,43,30,47,0,0
15/03/2022 00:00,אירועי רמצאן 22,IL,14,61,20,67,0,100,22,38,0,59,0,44,28,48,100,35
16/03/2022 00:00,אירועי רמצאן 22,IL,15,63,21,17,47,35,23,62,0,0,27,38,36,17,0,36
17/03/2022 00:00,אירועי רמצאן 22,IL,49,0,46,38,0,0,100,43,0,0,59,38,50,18,0,40
18/03/2022 00:00,אירועי רמצאן 22,IL,53,0,0,21,56,83,0,65,0,24,64,54,58,100,74,86
19/03/2022 00:00,אירועי רמצאן 22,IL,0,24,24,100,0,40,0,36,100,23,61,84,31,77,24,0
20/03/2022 00:00,אירועי רמצאן 22,IL,77,18,36,30,40,30,20,20,0,18,23,24,39,29,54,31
21/03/2022 00:00,אירועי רמצאן 22,IL,70,100,20,33,0,0,43,37,0,19,0,30,36,48,20,0
22/03/2022 00:00,אירועי רמצאן 22,IL,100,20,100,0,45,67,44,45,0,20,0,78,32,16,60,0
23/03/2022 00:00,אירועי רמצאן 22,IL,55,20,0,16,44,97,21,15,0,0,50,78,32,78,39,67
24/03/2022 00:00,אירועי רמצאן 22,IL,0,0,19,16,0,32,21,22,0,0,0,52,36,78,39,34
25/03/2022 00:00,אירועי רמצאן 22,IL,61,22,21,18,48,0,24,57,0,21,83,54,100,52,43,37
26/03/2022 00:00,אירועי רמצאן 22,IL,32,0,44,19,0,37,0,33,0,0,29,41,51,54,0,77
27/03/2022 00:00,אירועי רמצאן 22,IL,24,0,34,28,0,56,37,51,70,17,22,82,41,27,51,29
28/03/2022 00:00,אירועי רמצאן 22,IL,25,0,70,29,39,0,38,66,0,34,23,74,38,42,88,61
29/03/2022 00:00,אירועי רמצאן 22,IL,36,0,0,29,77,85,56,45,0,100,44,100,44,27,34,29
01/06/2022 00:00,לאחר אירועי רמצאן 22,IL,57,20,20,38,0,0,32,51,98,0,0,19,51,0,38,0
02/06/2022 00:00,לאחר אירועי רמצאן 22,IL,70,82,0,19,0,0,0,52,0,0,0,10,47,22,19,14
03/06/2022 00:00,לאחר אירועי רמצאן 22,IL,29,25,100,24,0,0,0,38,0,0,51,12,83,14,47,0
04/06/2022 00:00,לאחר אירועי רמצאן 22,IL,52,0,30,86,59,56,48,100,0,0,0,100,67,17,28,0
05/06/2022 00:00,לאחר אירועי רמצאן 22,IL,45,53,0,50,0,99,85,34,0,0,27,44,82,44,0,18
06/06/2022 00:00,לאחר אירועי רמצאן 22,IL,100,20,39,74,0,36,62,20,0,0,20,37,61,43,0,0
07/06/2022 00:00,לאחר אירועי רמצאן 22,IL,34,79,39,56,39,0,32,15,0,51,0,37,46,0,0,0
08/06/2022 00:00,לאחר אירועי רמצאן 22,IL,68,20,20,19,0,37,0,20,0,51,60,71,64,11,56,0
09/06/2022 00:00,לאחר אירועי רמצאן 22,IL,12,41,20,0,0,0,33,36,0,0,21,53,50,45,38,0
10/06/2022 00:00,לאחר אירועי רמצאן 22,IL,14,100,25,71,0,92,0,51,0,0,25,83,90,27,46,0
11/06/2022 00:00,לאחר אירועי רמצאן 22,IL,74,0,26,50,0,48,42,33,0,0,0,56,80,100,24,0
12/06/2022 00:00,לאחר אירועי רמצאן 22,IL,0,20,78,0,38,0,31,30,0,0,20,37,44,32,18,0
13/06/2022 00:00,לאחר אירועי רמצאן 22,IL,56,0,0,0,0,0,31,30,0,100,39,55,42,32,36,13
14/06/2022 00:00,לאחר אירועי רמצאן 22,IL,22,0,39,56,0,0,32,5,0,0,0,65,42,11,37,0
15/06/2022 00:00,לאחר אירועי רמצאן 22,IL,35,0,20,19,0,0,65,15,0,52,0,53,42,22,19,0
16/06/2022 00:00,לאחר אירועי רמצאן 22,IL,24,0,84,20,41,0,0,5,0,0,0,60,42,58,59,0
17/06/2022 00:00,לאחר אירועי רמצאן 22,IL,72,77,0,48,50,0,0,13,0,0,51,60,91,14,47,0
18/06/2022 00:00,לאחר אירועי רמצאן 22,IL,15,54,53,26,0,0,43,21,0,69,27,51,61,44,100,0
19/06/2022 00:00,לאחר אירועי רמצאן 22,IL,45,0,40,95,0,0,64,20,0,0,100,42,44,44,19,0
20/06/2022 00:00,לאחר אירועי רמצאן 22,IL,46,20,0,38,39,0,32,20,0,0,0,19,47,22,37,0
21/06/2022 00:00,לאחר אירועי רמצאן 22,IL,23,0,20,19,0,0,96,15,0,0,40,28,38,11,19,0
22/06/2022 00:00,לאחר אירועי רמצאן 22,IL,12,20,40,19,0,0,65,31,0,52,0,34,49,56,38,0
23/06/2022 00:00,לאחר אירועי רמצאן 22,IL,12,21,0,100,0,0,67,5,0,0,63,30,43,35,39,0
24/06/2022 00:00,לאחר אירועי רמצאן 22,IL,29,0,0,49,0,0,0,45,0,0,26,60,69,14,48,0
25/06/2022 00:00,לאחר אירועי רמצאן 22,IL,0,0,27,77,53,100,86,27,0,69,27,45,61,30,50,18
26/06/2022 00:00,לאחר אירועי רמצאן 22,IL,11,61,20,19,0,0,0,20,0,0,0,67,46,11,37,0
27/06/2022 00:00,לאחר אירועי רמצאן 22,IL,70,21,20,0,40,38,33,16,0,0,0,44,48,56,38,14
28/06/2022 00:00,לאחר אירועי רמצאן 22,IL,47,21,20,0,40,38,0,31,0,0,21,58,45,34,19,0
29/06/2022 00:00,לאחר אירועי רמצאן 22,IL,47,0,0,0,0,38,33,5,100,0,21,24,49,23,0,28
30/06/2022 00:00,לאחר אירועי רמצאן 22,IL,24,0,0,40,0,0,100,16,0,53,0,30,87,23,58,100
01/07/2022 00:00,לאחר אירועי רמצאן 22,IL,43,26,0,48,100,47,0,13,0,0,0,66,100,42,0,35
21/05/2012 00:00,טרור עממי,PS,34,0,0,26,0,51,0,0,0,0,0,17,14,35,0,0
22/05/2012 00:00,טרור עממי,PS,0,0,23,26,0,100,0,19,0,0,0,26,27,34,0,0
23/05/2012 00:00,טרור עממי,PS,64,0,0,97,100,0,0,36,0,0,0,16,50,0,0,0
24/05/2012 00:00,טרור עממי,PS,31,0,21,23,0,0,0,0,0,0,0,16,36,31,0,100
25/05/2012 00:00,טרור עממי,PS,0,0,23,0,0,0,0,0,0,0,0,17,27,0,0,0
26/05/2012 00:00,טרור עממי,PS,100,0,0,0,0,0,0,19,100,0,0,17,53,34,0,0
27/05/2012 00:00,טרור עממי,PS,0,24,0,24,99,0,0,18,0,0,0,24,100,32,0,0
28/05/2012 00:00,טרור עממי,PS,0,0,0,0,0,0,0,18,0,0,0,24,51,65,0,0
29/05/2012 00:00,טרור עממי,PS,0,0,42,0,0,0,0,0,0,0,0,15,72,31,0,0
30/05/2012 00:00,טרור עממי,PS,31,23,42,70,0,0,93,18,0,52,0,86,61,0,0,0
31/05/2012 00:00,טרור עממי,PS,59,0,100,0,0,0,0,50,0,100,0,82,23,30,0,0
01/06/2012 00:00,טרור עממי,PS,99,100,67,100,0,49,0,0,0,0,0,100,78,100,0,0
02/06/2012 00:00,טרור עממי,PS,63,0,22,0,0,0,0,18,0,0,100,64,50,32,0,0
03/06/2012 00:00,טרור עממי,PS,29,65,58,0,0,0,0,32,0,0,0,43,45,29,0,0
04/06/2012 00:00,טרור עממי,PS,58,22,40,22,0,0,88,17,0,0,0,15,23,0,0,0
05/06/2012 00:00,טרור עממי,PS,29,0,39,44,0,43,0,16,0,0,0,51,23,29,0,0
06/06/2012 00:00,טרור עממי,PS,30,0,0,69,0,0,0,34,0,0,0,23,12,31,0,0
07/06/2012 00:00,טרור עממי,PS,62,24,21,24,0,0,0,35,0,53,98,39,0,0,0,0
08/06/2012 00:00,טרור עממי,PS,32,0,22,0,0,0,0,18,0,0,0,0,64,33,100,0
09/06/2012 00:00,טרור עממי,PS,0,23,20,23,94,0,0,17,0,51,0,46,59,0,0,0
10/06/2012 00:00,טרור עממי,PS,28,0,0,22,0,0,0,32,0,0,0,29,56,29,0,0
11/06/2012 00:00,טרור עממי,PS,0,0,0,0,0,0,0,0,0,0,0,57,11,28,0,0
12/06/2012 00:00,טרור עממי,PS,27,21,19,41,0,0,0,16,82,0,0,28,11,55,0,0
13/06/2012 00:00,טרור עממי,PS,57,0,0,22,0,0,0,49,0,0,0,58,11,0,0,0
14/06/2012 00:00,טרור עממי,PS,0,0,0,0,0,0,0,100,0,0,0,22,12,0,0,0
15/06/2012 00:00,טרור עממי,PS,0,0,0,25,0,0,100,19,0,0,0,8,39,34,0,54
16/06/2012 00:00,טרור עממי,PS,30,0,0,0,0,0,0,17,0,0,0,23,0,30,0,0
17/06/2012 00:00,טרור עממי,PS,29,22,0,0,0,0,0,33,0,0,0,29,34,29,0,0
18/06/2012 00:00,טרור עממי,PS,27,41,18,41,0,0,0,31,0,0,0,21,21,27,0,0
19/06/2012 00:00,טרור עממי,PS,27,42,19,0,0,0,0,31,0,0,0,14,0,0,0,0
20/06/2012 00:00,טרור עממי,PS,28,21,0,42,0,41,0,16,0,0,0,28,11,56,0,0
21/06/2012 00:00,טרור עממי,PS,28,42,0,42,0,0,0,32,84,47,0,42,22,28,0,45
01/01/2014 00:00,לאחר טרור עממי,PS,0,0,80,0,0,0,0,13,100,0,0,17,42,0,0,0
02/01/2014 00:00,לאחר טרור עממי,PS,0,0,37,100,0,0,0,0,0,0,0,32,20,77,0,0
03/01/2014 00:00,לאחר טרור עממי,PS,0,56,0,0,0,0,0,12,0,0,0,47,39,0,0,100
04/01/2014 00:00,לאחר טרור עממי,PS,54,27,72,32,0,0,100,59,0,0,0,31,0,0,0,0
05/01/2014 00:00,לאחר טרור עממי,PS,100,50,0,60,0,0,0,22,0,0,0,100,70,0,100,0
06/01/2014 00:00,לאחר טרור עממי,PS,25,0,66,30,0,0,0,22,0,0,0,14,35,0,0,0
07/01/2014 00:00,לאחר טרור עממי,PS,0,51,34,0,0,0,0,22,85,39,0,58,72,0,0,0
08/01/2014 00:00,לאחר טרור עממי,PS,0,100,66,30,0,0,92,33,0,38,99,28,35,0,0,0
09/01/2014 00:00,לאחר טרור עממי,PS,0,25,100,0,0,0,0,0,0,0,100,0,18,0,0,0
10/01/2014 00:00,לאחר טרור עממי,PS,0,27,0,63,0,0,0,12,0,0,0,61,37,0,0,0
11/01/2014 00:00,לאחר טרור עממי,PS,0,0,0,61,0,0,0,33,0,0,0,43,18,0,0,0
12/01/2014 00:00,לאחר טרור עממי,PS,0,24,64,29,100,0,0,21,0,0,0,41,51,33,0,0
13/01/2014 00:00,לאחר טרור עממי,PS,0,48,32,29,0,0,0,11,0,0,0,41,51,0,0,0
14/01/2014 00:00,לאחר טרור עממי,PS,0,49,0,87,0,0,90,32,0,37,0,83,34,0,0,0
15/01/2014 00:00,לאחר טרור עממי,PS,0,24,0,57,100,0,0,31,0,0,0,14,17,100,0,0
16/01/2014 00:00,לאחר טרור עממי,PS,69,23,31,0,0,0,86,61,0,0,0,26,16,64,0,0
17/01/2014 00:00,לאחר טרור עממי,PS,0,26,0,62,0,0,0,34,0,40,0,15,73,36,0,0
18/01/2014 00:00,לאחר טרור עממי,PS,47,0,0,56,0,0,87,41,0,0,0,80,33,0,0,0
19/01/2014 00:00,לאחר טרור עממי,PS,67,23,30,80,93,0,0,59,0,34,0,13,47,31,0,0
20/01/2014 00:00,לאחר טרור עממי,PS,72,0,0,0,0,0,0,0,0,37,0,14,68,33,0,0
21/01/2014 00:00,לאחר טרור עממי,PS,26,80,0,0,0,0,0,69,88,81,0,15,37,37,0,0
22/01/2014 00:00,לאחר טרור עממי,PS,76,51,0,61,0,0,94,100,0,39,0,72,18,70,0,0
23/01/2014 00:00,לאחר טרור עממי,PS,0,0,31,28,0,0,88,62,0,0,0,14,67,0,0,0
24/01/2014 00:00,לאחר טרור עממי,PS,0,25,0,30,0,0,92,0,0,0,0,42,17,34,0,0
25/01/2014 00:00,לאחר טרור עממי,PS,72,24,0,57,0,0,0,42,0,0,0,14,51,100,0,0
26/01/2014 00:00,לאחר טרור עממי,PS,46,23,61,27,0,0,0,60,76,0,91,39,48,32,0,0
27/01/2014 00:00,לאחר טרור עממי,PS,95,0,0,28,0,0,0,83,0,73,0,14,100,33,0,0
28/01/2014 00:00,לאחר טרור עממי,PS,0,48,32,0,0,0,88,31,0,0,0,41,50,33,0,0
29/01/2014 00:00,לאחר טרור עממי,PS,87,0,29,0,0,0,0,38,0,100,0,25,0,0,0,0
30/01/2014 00:00,לאחר טרור עממי,PS,66,0,0,26,0,0,0,67,0,0,0,38,62,30,0,0
31/01/2014 00:00,לאחר טרור עממי,PS,22,0,0,27,0,0,0,49,0,0,0,39,16,0,0,0
01/02/2014 00:00,לאחר טרור עממי,PS,22,0,29,79,0,0,82,58,0,34,0,88,78,31,0,0
01/11/2016 00:00,לאחר גל טרור הבודדים,PS,0,0,50,34,0,0,0,0,0,0,0,0,21,0,0,0
02/11/2016 00:00,לאחר גל טרור הבודדים,PS,0,0,0,0,0,0,0,0,0,0,0,95,67,0,0,0
03/11/2016 00:00,לאחר גל טרור הבודדים,PS,0,0,59,0,0,0,0,0,0,0,0,35,100,0,0,0
04/11/2016 00:00,לאחר גל טרור הבודדים,PS,0,18,0,36,0,0,0,0,0,0,0,0,23,0,0,0
05/11/2016 00:00,לאחר גל טרור הבודדים,PS,0,0,0,0,0,0,97,0,0,0,0,31,0,0,0,0
06/11/2016 00:00,לאחר גל טרור הבודדים,PS,0,0,97,66,0,0,0,0,0,0,0,0,82,0,97,0
07/11/2016 00:00,לאחר גל טרור הבודדים,PS,100,18,0,0,100,0,0,0,0,0,0,31,22,0,0,0
08/11/2016 00:00,לאחר גל טרור הבודדים,PS,0,18,0,37,0,0,100,0,0,0,0,32,23,0,0,0
09/11/2016 00:00,לאחר גל טרור הבודדים,PS,0,100,48,0,0,0,0,0,0,0,0,87,0,0,0,0
10/11/2016 00:00,לאחר גל טרור הבודדים,PS,0,36,52,0,0,0,0,0,0,0,0,0,0,0,0,0
11/11/2016 00:00,לאחר גל טרור הבודדים,PS,0,18,0,0,99,0,0,0,0,0,0,0,22,97,0,0
12/11/2016 00:00,לאחר גל טרור הבודדים,PS,0,18,53,0,0,0,0,0,0,0,0,32,22,100,0,0
13/11/2016 00:00,לאחר גל טרור הבודדים,PS,98,0,0,0,0,0,0,0,0,0,0,61,43,0,0,0
14/11/2016 00:00,לאחר גל טרור הבודדים,PS,0,0,0,0,0,0,0,0,0,0,0,30,21,0,0,0
15/11/2016 00:00,לאחר גל טרור הבודדים,PS,0,0,0,35,0,0,0,0,0,0,0,93,22,0,0,0
16/11/2016 00:00,לאחר גל טרור הבודדים,PS,0,0,0,0,0,0,0,0,0,0,0,0,22,0,0,0
17/11/2016 00:00,לאחר גל טרור הבודדים,PS,0,0,0,38,0,0,0,100,0,0,0,100,47,0,0,0
18/11/2016 00:00,לאחר גל טרור הבודדים,PS,0,0,52,35,0,0,0,0,0,0,0,0,65,0,0,0
19/11/2016 00:00,לאחר גל טרור הבודדים,PS,0,17,0,100,0,0,0,0,0,0,0,0,21,93,0,0
20/11/2016 00:00,לאחר גל טרור הבודדים,PS,95,0,49,0,0,0,0,0,0,0,0,0,42,0,0,0
21/11/2016 00:00,לאחר גל טרור הבודדים,PS,0,0,0,0,0,0,0,0,0,0,100,0,22,0,0,0
22/11/2016 00:00,לאחר גל טרור הבודדים,PS,0,0,49,0,0,0,91,0,0,0,0,29,21,0,0,0
23/11/2016 00:00,לאחר גל טרור הבודדים,PS,0,0,100,0,0,0,0,0,0,0,0,30,42,95,100,0
24/11/2016 00:00,לאחר גל טרור הבודדים,PS,98,0,0,0,0,0,0,91,0,0,0,30,43,0,0,0
25/11/2016 00:00,לאחר גל טרור הבודדים,PS,0,0,0,0,0,0,0,0,0,0,94,0,61,92,0,0
26/11/2016 00:00,לאחר גל טרור הבודדים,PS,0,17,49,34,0,0,0,0,0,0,0,30,42,0,0,0
27/11/2016 00:00,לאחר גל טרור הבודדים,PS,0,0,50,68,0,0,0,0,0,0,0,30,21,0,0,0
28/11/2016 00:00,לאחר גל טרור הבודדים,PS,0,33,48,33,0,0,0,0,0,100,0,86,20,0,0,0
29/11/2016 00:00,לאחר גל טרור הבודדים,PS,0,0,48,32,0,0,0,0,0,99,0,29,40,0,0,0
30/11/2016 00:00,לאחר גל טרור הבודדים,PS,0,0,0,0,0,0,0,0,0,0,89,28,19,0,0,0
01/12/2016 00:00,לאחר גל טרור הבודדים,PS,0,0,0,0,0,0,0,0,0,0,0,55,0,88,0,0
23/03/2021 00:00,מבצע שומר החומות,PS,28,0,81,0,0,0,76,22,0,59,23,62,16,16,0,26
24/03/2021 00:00,מבצע שומר החומות,PS,59,0,84,0,0,0,79,45,0,0,0,93,17,16,20,53
25/03/2021 00:00,מבצע שומר החומות,PS,31,0,45,33,0,0,84,24,0,33,25,61,15,0,14,0
26/03/2021 00:00,מבצע שומר החומות,PS,94,31,45,100,0,0,0,24,0,0,51,61,39,0,0,28
27/03/2021 00:00,מבצע שומר החומות,PS,0,36,53,20,0,100,100,0,57,39,30,100,33,42,8,67
28/03/2021 00:00,מבצע שומר החומות,PS,33,0,0,0,0,0,0,51,0,34,0,48,24,0,15,0
29/03/2021 00:00,מבצע שומר החומות,PS,93,0,44,16,0,0,0,24,0,0,25,45,20,52,14,0
30/03/2021 00:00,מבצע שומר החומות,PS,30,0,0,63,95,0,0,23,0,0,0,65,16,0,0,0
31/03/2021 00:00,מבצע שומר החומות,PS,63,31,0,33,0,0,0,0,0,33,25,69,18,0,0,0
01/04/2021 00:00,מבצע שומר החומות,PS,0,0,0,17,0,0,0,0,49,0,0,63,18,0,0,0
02/04/2021 00:00,מבצע שומר החומות,PS,34,0,0,36,0,0,0,0,0,0,0,58,34,57,30,0
03/04/2021 00:00,מבצע שומר החומות,PS,0,0,100,37,0,94,0,27,0,36,0,43,18,20,0,31
04/04/2021 00:00,מבצע שומר החומות,PS,0,0,91,17,0,0,85,24,0,0,0,46,13,36,7,0
05/04/2021 00:00,מבצע שומר החומות,PS,32,31,46,0,0,0,86,0,0,100,26,78,12,54,7,0
06/04/2021 00:00,מבצע שומר החומות,PS,61,30,0,16,0,82,0,0,0,0,0,74,16,0,7,0
07/04/2021 00:00,מבצע שומר החומות,PS,0,0,45,0,0,0,0,0,0,65,25,31,17,0,35,0
08/04/2021 00:00,מבצע שומר החומות,PS,31,30,0,49,0,82,0,23,47,32,0,75,14,34,7,0
09/04/2021 00:00,מבצע שומר החומות,PS,31,0,44,49,0,0,0,47,0,0,0,45,23,17,14,0
10/04/2021 00:00,מבצע שומר החומות,PS,0,0,0,0,0,0,0,0,0,0,0,45,10,0,12,0
11/04/2021 00:00,מבצע שומר החומות,PS,0,29,43,0,95,0,0,45,0,31,0,51,17,67,7,0
12/04/2021 00:00,מבצע שומר החומות,PS,100,0,0,0,0,0,0,25,0,0,27,57,58,19,22,0
13/04/2021 00:00,מבצע שומר החומות,PS,0,0,85,16,95,0,80,23,0,0,72,44,100,100,100,27
14/04/2021 00:00,מבצע שומר החומות,PS,0,0,0,0,0,0,0,43,0,0,22,41,38,47,19,100
15/04/2021 00:00,מבצע שומר החומות,PS,0,0,44,16,0,0,82,0,0,0,49,67,37,0,27,27
16/04/2021 00:00,מבצע שומר החומות,PS,0,36,0,39,0,0,0,56,0,0,30,45,43,62,25,33
17/04/2021 00:00,מבצע שומר החומות,PS,0,100,0,72,0,0,0,26,52,36,83,58,37,0,23,61
18/04/2021 00:00,מבצע שומר החומות,PS,31,0,0,17,100,0,0,0,48,0,50,23,29,70,21,28
19/04/2021 00:00,מבצע שומר החומות,PS,57,55,0,30,0,76,76,22,43,30,46,48,27,32,19,51
20/04/2021 00:00,מבצע שומר החומות,PS,84,27,80,0,0,0,0,0,43,29,23,41,25,31,19,0
21/04/2021 00:00,מבצע שומר החומות,PS,64,31,46,17,0,0,86,0,98,34,26,47,24,72,0,0
22/04/2021 00:00,מבצע שומר החומות,PS,62,0,44,16,0,0,83,0,47,0,100,45,19,17,7,0
23/04/2021 00:00,מבצע שומר החומות,PS,0,32,47,0,0,0,0,100,100,0,53,0,28,37,7,29
01/06/2021 00:00,לאחר מבצע שומר החומות,PS,38,0,38,0,0,0,0,49,0,89,0,68,43,0,46,0
02/06/2021 00:00,לאחר מבצע שומר החומות,PS,56,0,37,32,0,44,0,33,0,0,0,29,55,23,91,87
03/06/2021 00:00,לאחר מבצע שומר החומות,PS,50,0,100,0,0,0,0,17,0,0,0,72,53,0,0,0
04/06/2021 00:00,לאחר מבצע שומר החומות,PS,22,51,0,37,0,0,56,37,0,0,0,44,100,0,0,100
05/06/2021 00:00,לאחר מבצע שומר החומות,PS,0,0,21,36,0,0,0,18,100,0,0,84,41,100,100,0
06/06/2021 00:00,לאחר מבצע שומר החומות,PS,0,0,56,32,0,44,0,0,0,88,0,67,55,45,0,0
07/06/2021 00:00,לאחר מבצע שומר החומות,PS,0,0,19,65,0,0,0,33,0,0,0,67,33,46,46,0
08/06/2021 00:00,לאחר מבצע שומר החומות,PS,0,45,19,33,0,0,0,100,0,0,96,59,41,0,0,0
09/06/2021 00:00,לאחר מבצע שומר החומות,PS,29,0,0,0,0,0,0,0,0,0,0,40,44,24,95,0
10/06/2021 00:00,לאחר מבצע שומר החומות,PS,30,0,78,0,98,0,0,0,0,0,0,50,26,48,95,91
11/06/2021 00:00,לאחר מבצע שומר החומות,PS,0,93,20,0,0,0,0,0,0,93,0,30,60,0,0,0
12/06/2021 00:00,לאחר מבצע שומר החומות,PS,19,0,19,66,0,0,0,0,0,0,0,29,51,0,92,0
13/06/2021 00:00,לאחר מבצע שומר החומות,PS,15,35,15,0,0,0,39,0,0,0,0,15,36,36,0,0
14/06/2021 00:00,לאחר מבצע שומר החומות,PS,37,0,0,0,0,0,0,26,0,0,74,15,35,0,36,0
15/06/2021 00:00,לאחר מבצע שומר החומות,PS,54,0,15,0,0,0,0,13,0,0,0,24,33,19,37,0
16/06/2021 00:00,לאחר מבצע שומר החומות,PS,46,0,0,32,0,43,0,16,0,86,92,75,46,0,44,0
17/06/2021 00:00,לאחר מבצע שומר החומות,PS,25,0,50,0,0,0,0,0,0,79,0,34,51,20,41,0
18/06/2021 00:00,לאחר מבצע שומר החומות,PS,20,94,59,35,0,0,0,35,0,94,99,30,66,24,48,0
19/06/2021 00:00,לאחר מבצע שומר החומות,PS,79,0,39,34,0,0,0,0,0,0,0,100,47,0,0,0
20/06/2021 00:00,לאחר מבצע שומר החומות,PS,90,0,20,69,100,0,52,0,0,0,100,41,48,0,0,0
21/06/2021 00:00,לאחר מבצע שומר החומות,PS,67,0,19,0,0,0,0,0,0,90,95,68,36,0,46,0
22/06/2021 00:00,לאחר מבצע שומר החומות,PS,100,0,20,35,0,0,52,17,0,94,0,30,42,24,0,0
23/06/2021 00:00,לאחר מבצע שומר החומות,PS,98,0,97,0,0,0,0,0,0,92,0,30,29,0,95,0
24/06/2021 00:00,לאחר מבצע שומר החומות,PS,81,48,0,70,0,0,0,0,0,0,0,72,56,0,49,0
25/06/2021 00:00,לאחר מבצע שומר החומות,PS,32,100,0,0,0,100,0,0,0,100,0,32,90,0,0,0
26/06/2021 00:00,לאחר מבצע שומר החומות,PS,19,0,0,33,96,0,0,0,0,90,0,20,43,23,46,89
27/06/2021 00:00,לאחר מבצע שומר החומות,PS,47,0,0,64,0,0,0,32,0,0,0,38,27,45,0,0
28/06/2021 00:00,לאחר מבצע שומר החומות,PS,39,0,19,33,0,45,100,0,0,0,0,69,33,23,0,0
29/06/2021 00:00,לאחר מבצע שומר החומות,PS,70,0,0,60,0,0,0,15,0,0,0,80,46,0,0,0
30/06/2021 00:00,לאחר מבצע שומר החומות,PS,59,0,0,0,0,0,0,0,0,0,98,40,60,24,95,0
01/07/2021 00:00,לאחר מבצע שומר החומות,PS,39,91,19,100,0,0,50,0,0,0,0,59,46,0,0,0
07/12/2021 00:00,מהומות בנגב על רקע נטיעות קקל,PS,44,0,23,0,0,0,0,39,0,0,0,54,32,56,79,0
08/12/2021 00:00,מהומות בנגב על רקע נטיעות קקל,PS,47,62,0,31,0,90,0,42,0,89,49,47,44,100,43,0
09/12/2021 00:00,מהומות בנגב על רקע נטיעות קקל,PS,64,0,55,70,0,0,0,47,0,100,0,53,31,22,0,0
10/12/2021 00:00,מהומות בנגב על רקע נטיעות קקל,PS,31,0,29,0,0,0,37,0,0,0,0,83,69,23,100,0
11/12/2021 00:00,מהומות בנגב על רקע נטיעות קקל,PS,53,23,28,0,93,0,0,0,100,100,55,66,51,22,96,0
12/12/2021 00:00,מהומות בנגב על רקע נטיעות קקל,PS,44,0,19,24,0,0,0,0,69,0,0,54,39,15,98,0
13/12/2021 00:00,מהומות בנגב על רקע נטיעות קקל,PS,37,21,100,64,0,0,0,0,0,0,100,36,34,0,0,0
14/12/2021 00:00,מהומות בנגב על רקע נטיעות קקל,PS,41,20,48,31,0,0,0,41,0,0,0,70,27,0,42,0
15/12/2021 00:00,מהומות בנגב על רקע נטיעות קקל,PS,37,41,49,31,0,0,0,84,0,0,0,24,49,0,43,0
16/12/2021 00:00,מהומות בנגב על רקע נטיעות קקל,PS,45,22,0,67,0,0,0,0,0,0,0,64,26,87,0,0
17/12/2021 00:00,מהומות בנגב על רקע נטיעות קקל,PS,58,23,0,35,0,100,35,0,0,0,55,66,49,0,48,0
18/12/2021 00:00,מהומות בנגב על רקע נטיעות קקל,PS,71,0,77,0,0,0,0,87,0,0,0,25,44,21,44,100
19/12/2021 00:00,מהומות בנגב על רקע נטיעות קקל,PS,22,43,77,33,0,94,0,44,94,0,0,62,38,21,90,0
20/12/2021 00:00,מהומות בנגב על רקע נטיעות קקל,PS,31,20,0,31,0,0,0,83,0,88,0,93,49,40,0,0
21/12/2021 00:00,מהומות בנגב על רקע נטיעות קקל,PS,72,0,24,0,0,0,31,0,87,0,0,81,48,0,42,0
22/12/2021 00:00,מהומות בנגב על רקע נטיעות קקל,PS,35,0,23,60,0,0,30,40,0,85,94,56,40,57,0,0
23/12/2021 00:00,מהומות בנגב על רקע נטיעות קקל,PS,39,0,79,100,0,0,100,0,0,0,0,38,53,21,46,0
24/12/2021 00:00,מהומות בנגב על רקע נטיעות קקל,PS,19,0,30,0,100,0,0,51,0,0,59,29,64,49,0,0
25/12/2021 00:00,מהומות בנגב על רקע נטיעות קקל,PS,25,0,29,0,0,0,0,100,0,0,59,70,46,24,0,0
26/12/2021 00:00,מהומות בנגב על רקע נטיעות קקל,PS,100,0,0,33,0,95,0,89,0,0,0,100,21,0,45,0
27/12/2021 00:00,מהומות בנגב על רקע נטיעות קקל,PS,54,42,0,32,0,0,0,43,0,0,0,61,23,0,0,0
28/12/2021 00:00,מהומות בנגב על רקע נטיעות קקל,PS,46,20,0,92,0,0,0,41,0,0,0,12,36,20,42,0
29/12/2021 00:00,מהומות בנגב על רקע נטיעות קקל,PS,77,22,26,0,0,95,0,44,0,0,52,75,35,0,45,0
30/12/2021 00:00,מהומות בנגב על רקע נטיעות קקל,PS,59,47,0,35,0,0,0,0,0,0,0,27,50,0,48,0
31/12/2021 00:00,מהומות בנגב על רקע נטיעות קקל,PS,24,24,0,0,0,0,0,96,0,0,0,27,73,46,49,0
01/01/2022 00:00,מהומות בנגב על רקע נטיעות קקל,PS,29,19,46,58,0,0,29,0,0,0,46,44,72,19,40,0
02/01/2022 00:00,מהומות בנגב על רקע נטיעות קקל,PS,42,0,0,0,0,0,25,33,0,0,0,56,60,0,34,0
03/01/2022 00:00,מהומות בנגב על רקע נטיעות קקל,PS,22,35,0,27,0,0,53,36,0,76,42,81,44,17,37,0
04/01/2022 00:00,מהומות בנגב על רקע נטיעות קקל,PS,42,21,25,0,0,0,31,0,0,0,0,24,35,0,85,0
05/01/2022 00:00,מהומות בנגב על רקע נטיעות קקל,PS,36,100,24,30,0,87,30,81,0,0,0,80,41,0,83,0
06/01/2022 00:00,מהומות בנגב על רקע נטיעות קקל,PS,54,0,0,0,0,0,0,0,0,0,51,73,43,41,0,0
07/01/2022 00:00,מהומות בנגב על רקע נטיעות קקל,PS,33,0,0,33,0,94,0,0,0,94,0,37,100,21,90,0
01/02/2022 00:00,לאחר מהומות בנגב על רקע נטיעות קקל,PS,45,0,26,19,86,0,0,0,0,0,52,55,50,20,48,0
02/02/2022 00:00,לאחר מהומות בנגב על רקע נטיעות קקל,PS,100,29,27,0,0,0,0,40,0,0,0,65,38,0,0,0
03/02/2022 00:00,לאחר מהומות בנגב על רקע נטיעות קקל,PS,53,0,25,19,0,0,0,37,0,0,0,68,51,0,0,0
04/02/2022 00:00,לאחר מהומות בנגב על רקע נטיעות קקל,PS,13,0,30,22,100,31,0,0,0,0,60,100,86,23,0,0
05/02/2022 00:00,לאחר מהומות בנגב על רקע נטיעות קקל,PS,58,0,0,0,0,0,0,81,0,0,54,73,67,83,75,0
06/02/2022 00:00,לאחר מהומות בנגב על רקע נטיעות קקל,PS,37,25,46,17,0,0,49,0,0,0,46,42,42,36,43,0
07/02/2022 00:00,לאחר מהומות בנגב על רקע נטיעות קקל,PS,67,27,50,18,0,0,26,0,0,0,0,53,38,76,69,100
08/02/2022 00:00,לאחר מהומות בנגב על רקע נטיעות קקל,PS,43,100,46,52,0,0,74,35,0,52,46,49,59,71,65,0
09/02/2022 00:00,לאחר מהומות בנגב על רקע נטיעות קקל,PS,25,27,100,0,0,0,80,0,0,84,100,61,59,39,70,0
10/02/2022 00:00,לאחר מהומות בנגב על רקע נטיעות קקל,PS,35,0,0,45,0,0,0,0,0,34,61,55,59,23,56,0
11/02/2022 00:00,לאחר מהומות בנגב על רקע נטיעות קקל,PS,33,70,97,48,0,100,34,49,100,36,0,30,100,100,30,0
12/02/2022 00:00,לאחר מהומות בנגב על רקע נטיעות קקל,PS,17,32,60,22,0,0,0,0,0,0,0,82,64,46,56,0
13/02/2022 00:00,לאחר מהומות בנגב על רקע נטיעות קקל,PS,39,0,22,50,0,0,0,68,0,25,45,68,47,69,21,0
14/02/2022 00:00,לאחר מהומות בנגב על רקע נטיעות קקל,PS,46,23,64,16,0,44,0,32,0,72,0,78,56,33,100,0
15/02/2022 00:00,לאחר מהומות בנגב על רקע נטיעות קקל,PS,21,0,42,31,0,21,0,63,0,70,42,44,54,16,78,0
16/02/2022 00:00,לאחר מהומות בנגב על רקע נטיעות קקל,PS,32,24,0,100,0,0,48,67,0,100,45,41,53,52,63,0
17/02/2022 00:00,לאחר מהומות בנגב על רקע נטיעות קקל,PS,30,50,70,35,0,0,0,0,72,26,0,57,61,18,43,0
18/02/2022 00:00,לאחר מהומות בנגב על רקע נטיעות קקל,PS,8,0,27,20,0,0,57,80,0,0,53,16,85,62,99,0
19/02/2022 00:00,לאחר מהומות בנגב על רקע נטיעות קקל,PS,30,0,0,31,0,22,0,63,0,47,84,83,50,0,39,85
20/02/2022 00:00,לאחר מהומות בנגב על רקע נטיעות קקל,PS,32,66,20,30,68,0,0,0,63,0,0,56,56,16,19,0
21/02/2022 00:00,לאחר מהומות בנגב על רקע נטיעות קקל,PS,49,0,0,48,0,0,0,32,0,95,85,52,56,33,60,0
22/02/2022 00:00,לאחר מהומות בנגב על רקע נטיעות קקל,PS,42,24,0,50,0,0,24,34,0,50,45,61,48,17,21,0
23/02/2022 00:00,לאחר מהומות בנגב על רקע נטיעות קקל,PS,38,96,0,33,0,23,0,0,0,25,0,54,41,51,21,0
24/02/2022 00:00,לאחר מהומות בנגב על רקע נטיעות קקל,PS,12,0,21,78,0,22,22,32,0,0,42,38,47,32,78,0
25/02/2022 00:00,לאחר מהומות בנגב על רקע נטיעות קקל,PS,9,0,0,32,0,0,0,32,0,48,86,46,89,83,20,87
26/02/2022 00:00,לאחר מהומות בנגב על רקע נטיעות קקל,PS,24,41,0,28,0,19,100,85,58,21,38,51,47,72,0,76
27/02/2022 00:00,לאחר מהומות בנגב על רקע נטיעות קקל,PS,38,24,22,0,73,0,47,66,67,24,44,47,49,34,20,88
28/02/2022 00:00,לאחר מהומות בנגב על רקע נטיעות קקל,PS,35,48,0,0,0,23,47,100,0,74,0,61,50,34,83,0
28/02/2022 00:00,אירועי רמצאן 22,PS,72,17,0,0,0,51,69,91,0,100,0,33,38,23,77,0
01/03/2022 00:00,לאחר מהומות בנגב על רקע נטיעות קקל,PS,41,24,87,16,0,0,23,65,0,73,44,66,47,84,0,0
01/03/2022 00:00,אירועי רמצאן 22,PS,84,8,78,20,0,0,34,60,0,98,25,37,35,56,0,0
02/03/2022 00:00,אירועי רמצאן 22,PS,32,0,39,100,87,49,33,30,0,65,25,18,48,100,19,31
03/03/2022 00:00,אירועי רמצאן 22,PS,32,17,0,20,88,100,0,0,0,0,100,26,44,56,19,0
04/03/2022 00:00,אירועי רמצאן 22,PS,100,19,43,0,0,0,0,100,0,36,0,33,59,25,0,0
05/03/2022 00:00,אירועי רמצאן 22,PS,41,18,42,22,0,53,0,64,0,35,0,23,39,36,60,0
06/03/2022 00:00,אירועי רמצאן 22,PS,60,16,18,19,0,0,0,28,0,92,23,38,37,21,18,0
07/03/2022 00:00,אירועי רמצאן 22,PS,82,0,21,43,0,53,0,32,0,0,0,58,49,12,100,0
08/03/2022 00:00,אירועי רמצאן 22,PS,39,8,0,41,0,0,34,30,0,0,0,30,39,23,19,32
09/03/2022 00:00,אירועי רמצאן 22,PS,85,24,0,0,0,0,0,0,0,92,0,31,47,32,53,60
10/03/2022 00:00,אירועי רמצאן 22,PS,74,0,37,39,0,0,32,29,84,0,0,46,32,32,18,30
11/03/2022 00:00,אירועי רמצאן 22,PS,40,0,100,62,90,0,0,31,0,34,0,49,69,0,39,33
12/03/2022 00:00,אירועי רמצאן 22,PS,12,0,56,0,0,48,65,86,0,31,48,32,42,32,36,0
13/03/2022 00:00,אירועי רמצאן 22,PS,77,8,36,37,0,92,0,0,0,30,46,41,31,52,52,0
14/03/2022 00:00,אירועי רמצאן 22,PS,24,0,0,0,82,93,0,56,0,0,0,31,46,21,70,30
15/03/2022 00:00,אירועי רמצאן 22,PS,42,8,72,37,81,0,62,0,0,30,23,14,41,10,0,29
16/03/2022 00:00,אירועי רמצאן 22,PS,45,8,39,0,0,0,0,30,0,32,0,44,43,11,19,63
17/03/2022 00:00,אירועי רמצאן 22,PS,14,0,22,0,0,0,38,0,0,0,0,33,48,25,0,35
18/03/2022 00:00,אירועי רמצאן 22,PS,22,10,22,23,100,0,39,0,100,0,0,21,62,64,21,36
19/03/2022 00:00,אירועי רמצאן 22,PS,34,26,0,42,0,0,35,0,0,0,26,35,32,71,40,100
20/03/2022 00:00,אירועי רמצאן 22,PS,39,15,51,35,0,0,0,0,76,28,0,25,30,19,16,0
21/03/2022 00:00,אירועי רמצאן 22,PS,19,25,38,40,0,0,100,30,0,32,25,22,34,22,19,63
22/03/2022 00:00,אירועי רמצאן 22,PS,32,100,77,40,0,0,0,0,0,0,25,47,39,11,0,0
23/03/2022 00:00,אירועי רמצאן 22,PS,37,0,38,59,0,0,33,0,0,0,48,64,32,54,18,92
24/03/2022 00:00,אירועי רמצאן 22,PS,36,8,18,19,0,0,0,28,0,0,47,24,30,32,0,0
25/03/2022 00:00,אירועי רמצאן 22,PS,24,0,37,19,82,94,32,56,0,92,0,34,100,53,0,0
26/03/2022 00:00,אירועי רמצאן 22,PS,7,0,62,22,94,0,36,32,0,0,27,23,43,24,0,0
27/03/2022 00:00,אירועי רמצאן 22,PS,18,0,54,37,81,0,31,83,0,0,0,54,53,31,17,29
28/03/2022 00:00,אירועי רמצאן 22,PS,24,0,18,19,0,0,31,28,0,0,0,98,37,0,17,0
29/03/2022 00:00,אירועי רמצאן 22,PS,0,7,34,53,0,0,30,79,0,29,0,100,32,40,33,28
01/06/2022 00:00,לאחר אירועי רמצאן 22,PS,39,15,81,43,0,0,43,0,0,14,0,69,37,21,22,0
02/06/2022 00:00,לאחר אירועי רמצאן 22,PS,50,47,63,45,0,0,0,63,0,15,0,100,61,0,45,0
03/06/2022 00:00,לאחר אירועי רמצאן 22,PS,63,16,22,23,51,0,0,33,0,15,0,45,57,23,0,0
04/06/2022 00:00,לאחר אירועי רמצאן 22,PS,56,18,24,75,0,0,0,0,0,0,0,56,74,25,100,0
05/06/2022 00:00,לאחר אירועי רמצאן 22,PS,72,48,65,23,0,0,0,65,0,15,60,44,51,0,46,0
06/06/2022 00:00,לאחר אירועי רמצאן 22,PS,100,28,38,0,0,0,40,0,86,0,0,78,58,20,0,0
07/06/2022 00:00,לאחר אירועי רמצאן 22,PS,46,29,19,20,0,45,41,0,0,14,27,79,49,20,20,0
08/06/2022 00:00,לאחר אירועי רמצאן 22,PS,37,14,38,0,0,0,81,29,0,0,27,26,41,40,0,0
09/06/2022 00:00,לאחר אירועי רמצאן 22,PS,19,0,40,64,0,0,0,0,0,0,28,34,54,21,64,0
10/06/2022 00:00,לאחר אירועי רמצאן 22,PS,32,100,22,71,0,0,0,34,0,16,0,23,89,71,24,0
11/06/2022 00:00,לאחר אירועי רמצאן 22,PS,22,35,71,100,0,55,100,0,0,0,0,88,61,25,0,0
12/06/2022 00:00,לאחר אירועי רמצאן 22,PS,28,15,0,21,0,0,42,59,0,14,55,47,47,21,42,0
13/06/2022 00:00,לאחר אירועי רמצאן 22,PS,46,0,58,21,0,0,0,29,0,0,0,33,52,0,21,0
14/06/2022 00:00,לאחר אירועי רמצאן 22,PS,70,14,18,39,0,0,39,0,0,0,77,37,51,0,39,0
15/06/2022 00:00,לאחר אירועי רמצאן 22,PS,49,15,41,0,0,0,0,0,0,0,0,77,35,44,22,0
16/06/2022 00:00,לאחר אירועי רמצאן 22,PS,41,32,21,45,0,50,0,32,0,15,0,22,36,23,0,33
17/06/2022 00:00,לאחר אירועי רמצאן 22,PS,34,0,24,25,0,55,0,36,0,100,0,48,73,25,0,0
18/06/2022 00:00,לאחר אירועי רמצאן 22,PS,69,0,24,25,0,0,0,72,0,0,0,49,48,0,0,0
19/06/2022 00:00,לאחר אירועי רמצאן 22,PS,39,15,41,22,0,0,44,0,0,14,0,70,57,0,0,0
20/06/2022 00:00,לאחר אירועי רמצאן 22,PS,69,0,62,44,0,0,0,0,0,14,0,35,22,0,0,0
21/06/2022 00:00,לאחר אירועי רמצאן 22,PS,90,78,0,66,0,0,0,0,0,29,58,43,32,22,44,0
22/06/2022 00:00,לאחר אירועי רמצאן 22,PS,72,0,64,0,0,100,91,32,0,0,30,66,50,0,0,0
23/06/2022 00:00,לאחר אירועי רמצאן 22,PS,64,66,22,24,0,52,0,100,100,0,0,38,53,23,0,0
24/06/2022 00:00,לאחר אירועי רמצאן 22,PS,23,0,0,25,55,55,51,0,0,0,100,49,73,25,51,0
25/06/2022 00:00,לאחר אירועי רמצאן 22,PS,12,0,24,52,0,0,0,0,0,0,0,58,62,26,26,0
26/06/2022 00:00,לאחר אירועי רמצאן 22,PS,82,32,86,0,50,50,46,0,0,0,0,59,36,23,0,0
27/06/2022 00:00,לאחר אירועי רמצאן 22,PS,38,0,100,0,0,47,43,60,90,0,28,68,42,21,0,0
28/06/2022 00:00,לאחר אירועי רמצאן 22,PS,41,0,43,23,100,0,0,32,0,0,0,44,60,0,0,0
29/06/2022 00:00,לאחר אירועי רמצאן 22,PS,20,16,0,0,0,0,45,32,0,0,30,44,49,45,23,0
30/06/2022 00:00,לאחר אירועי רמצאן 22,PS,51,0,0,23,0,0,0,32,0,0,30,81,99,23,46,100
01/07/2022 00:00,לאחר אירועי רמצאן 22,PS,0,18,0,0,0,0,0,36,0,0,33,48,100,100,75,37
